{"cameraMode":{"drawMode":0,"name":"Shaded","section":"Shading Mode"},"sceneLighting":false,"audioPlay":false,"sceneViewState":{"showFog":true,"showMaterialUpdate":false,"showSkybox":false,"showFlares":true,"showImageEffects":true,"showParticleSystems":true},"in2DMode":false,"pivot":{"x":-14.802841186523438,"y":2.5648326873779299,"z":-10.804193496704102},"rotation":{"x":0.41327452659606936,"y":0.031125184148550035,"z":-0.014134885743260384,"w":0.9100020527839661},"size":2.208430528640747,"orthographic":false}