{"cameraMode":{"drawMode":0,"name":"Shaded","section":"Shading Mode"},"sceneLighting":false,"audioPlay":false,"sceneViewState":{"showFog":true,"showMaterialUpdate":false,"showSkybox":true,"showFlares":true,"showImageEffects":true,"showParticleSystems":true},"in2DMode":false,"pivot":{"x":-11.246858596801758,"y":-6.007495403289795,"z":17.525436401367189},"rotation":{"x":-0.413860559463501,"y":0.0227813720703125,"z":-0.007391849532723427,"w":-0.910407304763794},"size":26.912919998168947,"orthographic":false}