{"cameraMode":{"drawMode":0,"name":"Shaded","section":"Shading Mode"},"sceneLighting":false,"audioPlay":false,"sceneViewState":{"showFog":true,"showMaterialUpdate":false,"showSkybox":false,"showFlares":true,"showImageEffects":true,"showParticleSystems":true},"in2DMode":false,"pivot":{"x":4.3213367462158205e-7,"y":0.0,"z":4.172325134277344e-7},"rotation":{"x":-0.292476624250412,"y":-0.18604066967964173,"z":0.061055559664964679,"w":-0.9363702535629273},"size":1.2089289426803589,"orthographic":false}